{
  "version": 1,
  "author": "Michael Gries",
  "editor": "wokwi",
  "parts": [
    { "type": "wokwi-breadboard-half", "id": "bb1", "top": 112.2, "left": -83.6, "attrs": {} },
    {
      "type": "board-pi-pico-w",
      "id": "pico",
      "top": 116.35,
      "left": 94.65,
      "rotate": 90,
      "attrs": { "env": "micropython" }
    },
    {
      "type": "wokwi-logic-analyzer",
      "id": "logic1",
      "top": 182.75,
      "left": 393.6,
      "attrs": { "channelNames": "Puls,Mode,NC2,NC3,NC4,NC5,D6,Trigger" }
    },
    {
      "type": "wokwi-led",
      "id": "led1",
      "top": 130.8,
      "left": -53.4,
      "attrs": { "color": "red", "flip": "" }
    },
    {
      "type": "wokwi-resistor",
      "id": "r1",
      "top": 216,
      "left": -67.75,
      "rotate": 90,
      "attrs": { "value": "220" }
    },
    { "type": "wokwi-logo", "id": "logo1", "top": 147.56, "left": 427.35, "attrs": {} },
    {
      "type": "wokwi-slide-switch",
      "id": "sw1",
      "top": 115.59,
      "left": 195.1,
      "attrs": { "value": "", "bounce": "0" }
    },
    {
      "type": "wokwi-slide-switch",
      "id": "sw2",
      "top": 261.8,
      "left": 137.7,
      "rotate": 180,
      "attrs": {}
    },
    {
      "type": "wokwi-dip-switch-8",
      "id": "sw3",
      "top": 195.69,
      "left": 281.49,
      "rotate": 90,
      "attrs": {}
    },
    {
      "type": "wokwi-led",
      "id": "led2",
      "top": 260.8,
      "left": 81,
      "rotate": 180,
      "attrs": { "color": "blue" }
    }
  ],
  "connections": [
    [ "bb1:29t.b", "led1:A", "orange", [ "v0" ] ],
    [ "bb1:28b.j", "logic1:GND", "black", [ "v-0.11", "h101.56" ] ],
    [ "bb1:13b.j", "bb1:3b.j", "black", [ "v0" ] ],
    [ "bb1:30t.a", "sw1:3", "blue", [ "v0" ] ],
    [ "bb1:29t.a", "sw1:2", "blue", [ "v0" ] ],
    [ "sw1:1", "bb1:28t.a", "black", [ "v0" ] ],
    [ "sw3:1a", "bb1:30t.b", "green", [ "h-36.92", "v-19.52" ] ],
    [ "sw3:2a", "bb1:29t.e", "blue", [ "h0" ] ],
    [ "sw3:2b", "logic1:D1", "gray", [ "h0" ] ],
    [ "sw3:1b", "logic1:D0", "gray", [ "h0" ] ],
    [ "sw3:8b", "logic1:D7", "gray", [ "v0" ] ],
    [ "bb1:24b.i", "sw3:8a", "gold", [ "v0" ] ],
    [ "sw3:7b", "logic1:D6", "gray", [ "h0" ] ],
    [ "sw3:6b", "logic1:D5", "gray", [ "h0" ] ],
    [ "sw3:5b", "logic1:D4", "gray", [ "h0" ] ],
    [ "sw3:4b", "logic1:D3", "gray", [ "h0" ] ],
    [ "sw3:3b", "logic1:D2", "gray", [ "h0" ] ],
    [ "led2:A", "bb1:17b.j", "", [ "$bb" ] ],
    [ "led2:C", "bb1:18b.j", "", [ "$bb" ] ],
    [ "pico:GP0", "bb1:30t.c", "", [ "$bb" ] ],
    [ "pico:GP1", "bb1:29t.c", "", [ "$bb" ] ],
    [ "pico:GND.1", "bb1:28t.c", "", [ "$bb" ] ],
    [ "pico:GP2", "bb1:27t.c", "", [ "$bb" ] ],
    [ "pico:GP3", "bb1:26t.c", "", [ "$bb" ] ],
    [ "pico:GP4", "bb1:25t.c", "", [ "$bb" ] ],
    [ "pico:GP5", "bb1:24t.c", "", [ "$bb" ] ],
    [ "pico:GND.2", "bb1:23t.c", "", [ "$bb" ] ],
    [ "pico:GP6", "bb1:22t.c", "", [ "$bb" ] ],
    [ "pico:GP7", "bb1:21t.c", "", [ "$bb" ] ],
    [ "pico:GP8", "bb1:20t.c", "", [ "$bb" ] ],
    [ "pico:GP9", "bb1:19t.c", "", [ "$bb" ] ],
    [ "pico:GND.3", "bb1:18t.c", "", [ "$bb" ] ],
    [ "pico:GP10", "bb1:17t.c", "", [ "$bb" ] ],
    [ "pico:GP11", "bb1:16t.c", "", [ "$bb" ] ],
    [ "pico:GP12", "bb1:15t.c", "", [ "$bb" ] ],
    [ "pico:GP13", "bb1:14t.c", "", [ "$bb" ] ],
    [ "pico:GND.4", "bb1:13t.c", "", [ "$bb" ] ],
    [ "pico:GP14", "bb1:12t.c", "", [ "$bb" ] ],
    [ "pico:GP15", "bb1:11t.c", "", [ "$bb" ] ],
    [ "pico:GP16", "bb1:11b.h", "", [ "$bb" ] ],
    [ "pico:GP17", "bb1:12b.h", "", [ "$bb" ] ],
    [ "pico:GND.5", "bb1:13b.h", "", [ "$bb" ] ],
    [ "pico:GP18", "bb1:14b.h", "", [ "$bb" ] ],
    [ "pico:GP19", "bb1:15b.h", "", [ "$bb" ] ],
    [ "pico:GP20", "bb1:16b.h", "", [ "$bb" ] ],
    [ "pico:GP21", "bb1:17b.h", "", [ "$bb" ] ],
    [ "pico:GND.6", "bb1:18b.h", "", [ "$bb" ] ],
    [ "pico:GP22", "bb1:19b.h", "", [ "$bb" ] ],
    [ "pico:RUN", "bb1:20b.h", "", [ "$bb" ] ],
    [ "pico:GP26", "bb1:21b.h", "", [ "$bb" ] ],
    [ "pico:GP27", "bb1:22b.h", "", [ "$bb" ] ],
    [ "pico:GND.7", "bb1:23b.h", "", [ "$bb" ] ],
    [ "pico:GP28", "bb1:24b.h", "", [ "$bb" ] ],
    [ "pico:ADC_VREF", "bb1:25b.h", "", [ "$bb" ] ],
    [ "pico:3V3", "bb1:26b.h", "", [ "$bb" ] ],
    [ "pico:3V3_EN", "bb1:27b.h", "", [ "$bb" ] ],
    [ "pico:GND.8", "bb1:28b.h", "", [ "$bb" ] ],
    [ "pico:VSYS", "bb1:29b.h", "", [ "$bb" ] ],
    [ "pico:VBUS", "bb1:30b.h", "", [ "$bb" ] ],
    [ "led1:A", "bb1:4t.b", "", [ "$bb" ] ],
    [ "led1:C", "bb1:3t.b", "", [ "$bb" ] ],
    [ "r1:1", "bb1:3t.d", "", [ "$bb" ] ],
    [ "r1:2", "bb1:3b.h", "", [ "$bb" ] ],
    [ "sw2:1", "bb1:24b.j", "", [ "$bb" ] ],
    [ "sw2:2", "bb1:23b.j", "", [ "$bb" ] ],
    [ "sw2:3", "bb1:22b.j", "", [ "$bb" ] ]
  ],
  "dependencies": {}
}